{"value":[{"OccurrenceTime":0.0,"TargetId":0,"Cost":50,"EventStr":"01/unit_oak/-0.1879931/0.4216318/-3.469419/-0.05371236/0.1204663/-0.9912633"}]}