{
    "_logs": [
        {
            "OccurrenceTime": 0.0,
            "TargetId": 0,
            "Cost": 50,
            "EventStr": "01/unit_oak/0.08909433/-0.02563127/-3.498772/0.02545552/-0.007323358/-0.9996492"
        },
        {
            "OccurrenceTime": 1.0,
            "TargetId": 0,
            "Cost": 0,
            "EventStr": "03/"
        },
        {
            "OccurrenceTime": 1.0,
            "TargetId": 0,
            "Cost": 0,
            "EventStr": "03/"
        }
    ]
}