{
    "value": [
        {
            "OccurrenceTime": 0.0,
            "TargetId": 0,
            "Cost": 50,
            "EventStr": "01/unit_oak/-2.436138/2.158083/-1.287605/-0.6960389/0.6165947/-0.367887"
        },
        {
            "OccurrenceTime": 0.1944444477558136,
            "TargetId": 1,
            "Cost": 50,
            "EventStr": "01/unit_oak/-2.340691/2.422864/-0.949157/-0.6687688/0.6922467/-0.2711877"
        }
    ]
}