{
    "value": [
        {
            "OccurrenceTime": 0.0,
            "TargetId": 0,
            "Cost": 50,
            "EventStr": "01/unit_oak/0.03905412/0.05249141/-3.499388/0.01115832/0.01499736/-0.9998254"
        },
        {
            "OccurrenceTime": 1.0416666269302369,
            "TargetId": 1,
            "Cost": 50,
            "EventStr": "01/unit_oak/-0.7857268/0.2666381/-3.400226/-0.2244934/0.07618238/-0.9714931"
        }
    ]
}