{
    "value": [
        {
            "OccurrenceTime": 0.0,
            "TargetId": 0,
            "Cost": 50,
            "EventStr": "01/unit_factory/0.2728841/-0.06643685/-3.488713/0.0779669/-0.01898201/-0.9967753"
        }
    ]
}