{
    "value": [
        {
            "OccurrenceTime": 0.0,
            "TargetId": 0,
            "Cost": 50,
            "EventStr": "01/unit_oak/-0.01172207/0.07546114/-3.499167/-0.003349162/0.02156024/-0.9997619"
        }
    ]
}