{
    "_spendTime": 0.0,
    "_money": 0,
    "_logs": [
        {
            "OccurrenceTime": 0.0,
            "TargetId": 0,
            "EventStr": "01/unit_oak/-0.2972374/-0.03685553/-3.487161/-0.08492496/-0.01053018/-0.9963318"
        }
    ]
}