{
    "_spendTime": 5.027777671813965,
    "_money": 50,
    "_logs": [
        {
            "OccurrenceTime": 0.0,
            "TargetId": 0,
            "MoneyUse": 50,
            "EventStr": "01/unit_oak/-1.656045/2.89005/-1.074768/-0.4731556/0.8257286/-0.3070767"
        }
    ]
}