{
    "_spendTime": 7.979166507720947,
    "_money": 120,
    "_logs": [
        {
            "OccurrenceTime": 1.0,
            "TargetId": 0,
            "EventStr": "01/unit_oak/-0.6253424/0.9770231/-3.302177/-0.1786692/0.2791495/-0.9434791"
        },
        {
            "OccurrenceTime": 1.0,
            "TargetId": 1,
            "EventStr": "01/unit_oak/0.2823194/0.8857945/-3.374265/0.08066268/0.2530842/-0.9640757"
        }
    ]
}